{
    "functions": {
        "source": "functions_python",
        "runtime": "python311",
        "ignore": [
            "venv",
            ".git",
            "__pycache__",
            "*.pyc"
        ]
    },
    "firestore": {
        "rules": "firestore.rules",
        "indexes": "firestore.indexes.json"
    },
    "hosting": {
        "public": "frontend/dist",
        "ignore": [
            "firebase.json",
            "**/.*",
            "**/node_modules/**"
        ],
        "headers": [
            {
                "source": "**/*.@(jpg|jpeg|gif|png|css|js|webp)",
                "headers": [
                    {
                        "key": "Cache-Control",
                        "value": "max-age=31536000"
                    }
                ]
            },
            {
                "source": "**/*.@(html)",
                "headers": [
                    {
                        "key": "Cache-Control",
                        "value": "no-cache, no-store, must-revalidate"
                    }
                ]
            }
        ],
        "rewrites": [
            {
                "source": "**",
                "destination": "/index.html"
            }
        ]
    }
}